최상위계층,병원,병원_중분류명,건수,표준_중분류명
약제,서울대,(없음),388,기타
약제,서울성모,(없음),435,기타
약제,세브란스,(없음),894,기타
약제,아산,(없음),525,기타
약제,삼성,기타,463,기타
제증명수수료,서울대,(없음),48,기타
제증명수수료,서울성모,(없음),78,기타
제증명수수료,세브란스,(없음),107,기타
제증명수수료,아산,(없음),45,기타
제증명수수료,삼성,기타,53,기타
치료재료,서울대,CABLE SYSTEM,2,CABLE SYSTEM
치료재료,서울대,CRANIOFACIAL IMPLANTS,16,CRANIOFACIAL IMPLANTS
치료재료,서울성모,CRANIOFACIAL IMPLANTS,8,CRANIOFACIAL IMPLANTS
치료재료,아산,CRANIOFACIAL IMPLANTS,16,CRANIOFACIAL IMPLANTS
치료재료,서울성모,CRANIOFACIAL IMPLANTS(맞춤형),8,CRANIOFACIAL IMPLANTS
치료재료,아산,CRANIOFACIAL IMPLANTS(맞춤형),18,CRANIOFACIAL IMPLANTS
치료재료,서울대,EAR PACKING용(흡수성),1,EAR PACKING용(흡수성)
치료재료,서울대,IV IN LINE FILTER(5㎛),4,IV IN LINE FILTER(5㎛)
치료재료,서울대,OSTOMY용 ACCESSORY,9,OSTOMY용 ACCESSORY
치료재료,서울성모,OSTOMY용 ACCESSORY,11,OSTOMY용 ACCESSORY
치료재료,아산,OSTOMY용 ACCESSORY,20,OSTOMY용 ACCESSORY
치료재료,서울대,각막교차결합술용,1,각막교차결합술용
치료재료,서울성모,각막교차결합술용,1,각막교차결합술용
치료재료,아산,각막교차결합술용,1,각막교차결합술용
치료재료,서울성모,각막내 링 삽입수술용(원추각막),1,각막내 링 삽입수술용(원추각막)
치료재료,아산,각막내 링 삽입수술용(원추각막),1,각막내 링 삽입수술용(원추각막)
치료재료,서울대,갑상선 양성결절의 고주파 열치료용,3,갑상선 양성결절의 고주파 열치료용
치료재료,서울성모,갑상선 양성결절의 고주파 열치료용,3,갑상선 양성결절의 고주파 열치료용
치료재료,아산,갑상선 양성결절의 고주파 열치료용,4,갑상선 양성결절의 고주파 열치료용
치료재료,서울대,경막외강 신경박리술 및 감압 신경성형술용,6,경막외강 신경박리술 및 감압 신경성형술용
치료재료,서울성모,경막외강 신경박리술 및 감압 신경성형술용,4,경막외강 신경박리술 및 감압 신경성형술용
치료재료,아산,경막외강 신경박리술 및 감압 신경성형술용,3,경막외강 신경박리술 및 감압 신경성형술용
치료재료,서울대,경막외강 신경박리술용,1,경막외강 신경박리술용
치료재료,서울성모,경막외강 신경박리술용,2,경막외강 신경박리술용
치료재료,아산,경막외강 신경박리술용,1,경막외강 신경박리술용
치료재료,아산,경성콘텍트렌즈시술용,1,경성콘텍트렌즈시술용
치료재료,서울대,경피적 기계화학 정맥폐색술용,2,경피적 기계화학 정맥폐색술용
치료재료,서울성모,경피적 기계화학 정맥폐색술용,2,경피적 기계화학 정맥폐색술용
치료재료,아산,경피적 기계화학 정맥폐색술용,1,경피적 기계화학 정맥폐색술용
치료재료,서울성모,경피적 대동맥판 삽입용,4,경피적 대동맥판 삽입용
치료재료,서울성모,경피적 대동맥판 삽입용 GUIDE WIRE,2,경피적 대동맥판 삽입용
치료재료,서울성모,경피적 대동맥판 삽입용 INTRODUCER SHEATH,2,경피적 대동맥판 삽입용
치료재료,서울성모,경피적 대동맥판 삽입용 VALVULOPLASTY CATHETER,1,경피적 대동맥판 삽입용
치료재료,아산,경피적 초음파 건 절제술용 절삭기,1,경피적 초음파 건 절제술용 절삭기
치료재료,서울대,고압용필터(조영제용),1,고압용필터(조영제용)
치료재료,서울성모,고압용필터(조영제용),2,고압용필터(조영제용)
치료재료,서울성모,고주파 정맥내막폐쇄요법용,2,고주파 정맥내막폐쇄요법용
치료재료,아산,고주파 정맥내막폐쇄요법용,1,고주파 정맥내막폐쇄요법용
치료재료,서울대,골수 내 하지길이 자성조절 연장술용,3,골수 내 하지길이 자성조절 연장술용
치료재료,아산,골수 내 하지길이 자성조절 연장술용,3,골수 내 하지길이 자성조절 연장술용
치료재료,서울대,관상동맥내 광학파 단층촬영용,1,관상동맥내 광학파 단층촬영용
치료재료,서울성모,관상동맥내 광학파 단층촬영용,1,관상동맥내 광학파 단층촬영용
치료재료,아산,관상동맥내 광학파 단층촬영용,2,관상동맥내 광학파 단층촬영용
치료재료,서울대,구강내 장치,1,구강내 장치
치료재료,서울대,굴절교정렌즈,2,굴절교정렌즈
치료재료,서울대,근골격계 종양의 고주파 열치료용,2,근골격계 종양의 고주파 열치료용
치료재료,아산,근골격계 종양의 고주파 열치료용,2,근골격계 종양의 고주파 열치료용
치료재료,서울대,기관지내시경초음파 가이드시스 KIT,4,기관지내시경초음파 가이드시스 KIT
치료재료,서울성모,기관지내시경초음파 가이드시스 KIT,1,기관지내시경초음파 가이드시스 KIT
치료재료,아산,기관지내시경초음파 가이드시스 KIT,3,기관지내시경초음파 가이드시스 KIT
치료재료,삼성,기타,671,기타
치료재료,서울대,기타,493,기타
치료재료,서울성모,기타,341,기타
치료재료,세브란스,기타,2403,기타
치료재료,서울성모,기타 관절치환용 재료,3,기타 관절치환용 재료
치료재료,아산,기타 관절치환용 재료,1,기타 관절치환용 재료
치료재료,서울대,기타 관절치환용 재료(골결손대체용),4,기타 관절치환용 재료
치료재료,서울성모,기타 관절치환용 재료(골결손대체용),2,기타 관절치환용 재료
치료재료,아산,기타 관절치환용 재료(골결손대체용),2,기타 관절치환용 재료
치료재료,서울성모,기타근관충전재(MTA),4,기타근관충전재(MTA)
치료재료,서울성모,내시경 초음파를 이용한 세침흡인술용,8,"내시경 초음파를 이용한 세침흡인술용, 경벽배액술용"
치료재료,서울대,"내시경 초음파를 이용한 세침흡인술용, 경벽배액술용",12,"내시경 초음파를 이용한 세침흡인술용, 경벽배액술용"
치료재료,아산,"내시경 초음파를 이용한 세침흡인술용, 경벽배액술용",13,"내시경 초음파를 이용한 세침흡인술용, 경벽배액술용"
치료재료,서울대,내시경적 경막외강 신경근성형술용,2,내시경적 경막외강 신경근성형술용
치료재료,서울성모,내시경적 경막외강 신경근성형술용,2,내시경적 경막외강 신경근성형술용
치료재료,아산,내시경적 경막외강 신경근성형술용,4,내시경적 경막외강 신경근성형술용
치료재료,서울대,내시경적 식도 또는 위 정맥류 치료용/(비흡수성)색전물질,1,내시경적 식도 또는 위 정맥류 치료용/(비흡수성)색전물질
치료재료,서울성모,내시경적 식도 또는 위 정맥류 치료용/(비흡수성)색전물질,1,내시경적 식도 또는 위 정맥류 치료용/(비흡수성)색전물질
치료재료,아산,내시경적 식도 또는 위 정맥류 치료용/(비흡수성)색전물질,1,내시경적 식도 또는 위 정맥류 치료용/(비흡수성)색전물질
치료재료,아산,단일 융모막성 다태임신에 실시하는 고주파 열응고를 이용한 제대 폐색술용,1,단일 융모막성 다태임신에 실시하는 고주파 열응고를 이용한 제대 폐색술용
치료재료,서울대,대퇴과 연골손상에 대한 미세골절술용,2,대퇴과 연골손상에 대한 미세골절술용
치료재료,서울성모,대퇴과 연골손상에 대한 미세골절술용,2,대퇴과 연골손상에 대한 미세골절술용
치료재료,아산,대퇴과 연골손상에 대한 미세골절술용,1,대퇴과 연골손상에 대한 미세골절술용
치료재료,서울대,동종진피(IMPLANT용-유방재건술용 제외),8,동종진피
치료재료,서울성모,동종진피(IMPLANT용-유방재건술용 제외),14,동종진피
치료재료,아산,동종진피(IMPLANT용-유방재건술용 제외),14,동종진피
치료재료,서울성모,동종진피(INJECT용),13,동종진피
치료재료,서울대,동종진피(INJECT용/POWDER),5,동종진피
치료재료,아산,동종진피(INJECT용/POWDER),997,동종진피
치료재료,아산,동종진피(상부관절막재건술용),1,동종진피
치료재료,서울대,드레싱 고정류(카테터 고정용/드레싱 목적 사용 시 비급여 제외),15,드레싱 고정류
치료재료,서울성모,드레싱 고정류(카테터 고정용/드레싱 목적 사용 시 비급여 제외),19,드레싱 고정류
치료재료,아산,드레싱 고정류(카테터 고정용/드레싱 목적 사용 시 비급여 제외),44,드레싱 고정류
치료재료,서울대,로봇보조 인공관절 치환술용 절삭기,1,로봇보조 인공관절 치환술용 절삭기
치료재료,서울성모,말초신경자극술용 치료재료,6,말초신경자극술용 치료재료
치료재료,아산,발톱고정용 재료,1,발톱고정용 재료
치료재료,서울대,방광내 점적주입 재료,2,방광내 점적주입 재료
치료재료,서울성모,방광내 점적주입 재료,1,방광내 점적주입 재료
치료재료,아산,방광내 점적주입 재료,2,방광내 점적주입 재료
치료재료,서울대,변배출 밀폐시스템,2,변배출 밀폐시스템
치료재료,아산,변배출 밀폐시스템,5,변배출 밀폐시스템
치료재료,서울대,변연절제술용 절삭기,1,변연절제술용 절삭기
치료재료,서울성모,변연절제술용 절삭기,1,변연절제술용 절삭기
치료재료,아산,변연절제술용 절삭기,2,변연절제술용 절삭기
치료재료,서울대,보조기,19,보조기
치료재료,서울성모,보조기,20,보조기
치료재료,아산,보조기,16,보조기
치료재료,서울대,분리형 니들필터,1,분리형 니들필터
치료재료,서울대,비침습적 지혈용(대퇴-기기형),1,비침습적 지혈용
치료재료,서울성모,비침습적 지혈용(대퇴-기기형),2,비침습적 지혈용
치료재료,서울성모,비침습적 지혈용(대퇴-밴드형),1,비침습적 지혈용
치료재료,서울대,비침습적 지혈용(반창고형),3,비침습적 지혈용
치료재료,서울성모,비침습적 지혈용(반창고형),2,비침습적 지혈용
치료재료,서울대,비침습적 지혈용(밴드형),1,비침습적 지혈용
치료재료,서울대,비침습적 지혈용(요골-기기형),3,비침습적 지혈용
치료재료,서울성모,비침습적 지혈용(요골-기기형),1,비침습적 지혈용
치료재료,서울대,비침습적 지혈용(요골-밴드형),2,비침습적 지혈용
치료재료,서울대,비침습적 지혈용(패드형),20,비침습적 지혈용
치료재료,서울성모,비침습적 지혈용(패드형),10,비침습적 지혈용
치료재료,서울대,상처고정 및 보호용(카테터 고정용 제외),9,상처고정 및 보호용(카테터 고정용 제외)
치료재료,서울성모,상처고정 및 보호용(카테터 고정용 제외),9,상처고정 및 보호용(카테터 고정용 제외)
치료재료,아산,상처고정 및 보호용(카테터 고정용 제외),17,상처고정 및 보호용(카테터 고정용 제외)
치료재료,서울대,수증기를 이용한 경요도 전립선 절제술용,1,수증기를 이용한 경요도 전립선 절제술용
치료재료,서울대,시아노아크릴레이트를 이용한 복재정맥 폐색술용,1,시아노아크릴레이트를 이용한 복재정맥 폐색술용
치료재료,서울성모,시아노아크릴레이트를 이용한 복재정맥 폐색술용,1,시아노아크릴레이트를 이용한 복재정맥 폐색술용
치료재료,아산,시아노아크릴레이트를 이용한 복재정맥 폐색술용,1,시아노아크릴레이트를 이용한 복재정맥 폐색술용
치료재료,서울성모,신경보존 양막이식술용 AMNIOTIC MEMBRANE,2,신경보존 양막이식술용 AMNIOTIC MEMBRANE
치료재료,서울성모,악안면 교정용,1,악안면 교정용
치료재료,서울성모,압력요류검사용 커프,1,압력요류검사용 커프
치료재료,아산,압력요류검사용 커프,1,압력요류검사용 커프
치료재료,서울대,압박고정용 (탄력반창고),6,압박고정용 치료재료
치료재료,서울성모,압박고정용 (탄력반창고),7,압박고정용 치료재료
치료재료,아산,압박고정용 (탄력반창고),9,압박고정용 치료재료
치료재료,서울대,압박고정용 치료재료,8,압박고정용 치료재료
치료재료,서울성모,압박고정용 치료재료,19,압박고정용 치료재료
치료재료,아산,압박고정용 치료재료,20,압박고정용 치료재료
치료재료,서울대,연골 결손 환자에서의 자가 골수 줄기 세포 치료술용,2,연골 결손 환자에서의 자가 골수 줄기 세포 치료술용
치료재료,아산,연구개 이식물 삽입술용,1,연구개 이식물 삽입술용
치료재료,서울대,연속혈당측정용전극,4,연속혈당측정용전극
치료재료,서울성모,연속혈당측정용전극,3,연속혈당측정용전극
치료재료,아산,연속혈당측정용전극,1,연속혈당측정용전극
치료재료,서울대,연조직 재건용,15,연조직 재건용
치료재료,서울성모,연조직 재건용,29,연조직 재건용
치료재료,아산,연조직 재건용,19,연조직 재건용
치료재료,아산,"연조직재생유도재, 흡수성/천연재료 콜라겐",1,"연조직재생유도재, 흡수성/천연재료 콜라겐"
치료재료,서울대,유방 생검용,3,유방 생검용
치료재료,서울성모,유방 생검용,4,유방 생검용
치료재료,아산,유방 생검용,3,유방 생검용
치료재료,서울성모,의료용레이저조사기,1,의료용레이저조사기
치료재료,서울대,인공유방,1,인공유방
치료재료,아산,인레이.온레이용 임시 충전재,1,인레이.온레이용 임시 충전재
치료재료,아산,인슐린종의 고주파 열치료용,1,인슐린종의 고주파 열치료용
치료재료,서울대,인체조직유래 2차 가공뼈,5,인체조직유래 2차 가공뼈
치료재료,서울성모,인체조직유래 2차 가공뼈,15,인체조직유래 2차 가공뼈
치료재료,아산,인체조직유래 2차 가공뼈,12,인체조직유래 2차 가공뼈
치료재료,서울성모,일시적피부대체드레싱류(SHEET TYPE/10㎠이상-25㎠미만),1,일시적피부대체드레싱류
치료재료,서울성모,일시적피부대체드레싱류(SHEET TYPE/70㎠이상-85㎠미만),1,일시적피부대체드레싱류
치료재료,서울대,일체형 니들필터 / 기타형 필터,1,일체형 니들필터 / 기타형 필터
치료재료,서울성모,자가 혈소판 풍부 혈장 안약치료술용,1,자가 혈소판 풍부 혈장 안약치료술용
치료재료,서울대,자동광반출술용,1,자동광반출술용
치료재료,서울대,자착성(탄력)붕대,7,자착성(탄력)붕대
치료재료,서울성모,자착성(탄력)붕대,20,자착성(탄력)붕대
치료재료,아산,자착성(탄력)붕대,10,자착성(탄력)붕대
치료재료,서울대,재조합골형성단백질(RHBMP-2) 함유 골이식재,3,재조합골형성단백질(RHBMP-2) 함유 골이식재
치료재료,서울성모,재조합골형성단백질(RHBMP-2) 함유 골이식재,7,재조합골형성단백질(RHBMP-2) 함유 골이식재
치료재료,아산,재조합골형성단백질(RHBMP-2) 함유 골이식재,5,재조합골형성단백질(RHBMP-2) 함유 골이식재
치료재료,서울대,전기 임피던스 단층영상술용 SENSOR,1,전기 임피던스 단층영상술용 SENSOR
치료재료,서울대,전립선 결찰술용 이식형 결찰사,1,전립선 결찰술용 이식형 결찰사
치료재료,서울성모,전립선 결찰술용 이식형 결찰사,1,전립선 결찰술용 이식형 결찰사
치료재료,아산,전립선 결찰술용 이식형 결찰사,1,전립선 결찰술용 이식형 결찰사
치료재료,서울대,전신마취 중 ANI 감시용,1,전신마취 중 ANI 감시용
치료재료,서울성모,전신마취 중 ANI 감시용,1,전신마취 중 ANI 감시용
치료재료,아산,전신마취 중 ANI 감시용,2,전신마취 중 ANI 감시용
치료재료,서울대,정맥류제거용,1,정맥류제거용
치료재료,서울성모,정맥류제거용,2,정맥류제거용
치료재료,아산,정형용교정장치,2,정형용교정장치
치료재료,서울대,"정형용품 IMPLANTS(3D 프린터 이용, 환자 맞춤형)",2,"정형용품 IMPLANTS(3D 프린터 이용, 환자 맞춤형)"
치료재료,서울성모,"정형용품 IMPLANTS(3D 프린터 이용, 환자 맞춤형)",4,"정형용품 IMPLANTS(3D 프린터 이용, 환자 맞춤형)"
치료재료,아산,"정형용품 IMPLANTS(3D 프린터 이용, 환자 맞춤형)",3,"정형용품 IMPLANTS(3D 프린터 이용, 환자 맞춤형)"
치료재료,서울대,조절성 인공수정체 (ACCOMMODATIVE IOL),15,조절성 인공수정체 (ACCOMMODATIVE IOL)
치료재료,서울성모,조절성 인공수정체 (ACCOMMODATIVE IOL),20,조절성 인공수정체 (ACCOMMODATIVE IOL)
치료재료,아산,조절성 인공수정체 (ACCOMMODATIVE IOL),29,조절성 인공수정체 (ACCOMMODATIVE IOL)
치료재료,서울대,주름개선용 임플란트,3,주름개선용 임플란트
치료재료,서울성모,주름개선용 임플란트,2,주름개선용 임플란트
치료재료,아산,주름개선용 임플란트,6,주름개선용 임플란트
치료재료,서울성모,중증 하지 허혈성질환에서 자가 골수줄기 세포 치료술용,1,중증 하지 허혈성질환에서 자가 골수줄기 세포 치료술용
치료재료,서울대,척추경막외 유착방지제,4,척추경막외 유착방지제
치료재료,서울성모,척추경막외 유착방지제,11,척추경막외 유착방지제
치료재료,아산,척추경막외 유착방지제,7,척추경막외 유착방지제
치료재료,서울대,척추고정용,1,척추고정용
치료재료,서울성모,척추고정용,3,척추고정용
치료재료,아산,척추고정용,1,척추고정용
치료재료,아산,척추극돌기간고정용,1,척추극돌기간고정용
치료재료,서울대,척추전용형 동종골(MACHINED ALLOGRAFT BONE SPACER),1,척추전용형 동종골(MACHINED ALLOGRAFT BONE SPACER)
치료재료,서울성모,척추전용형 동종골(MACHINED ALLOGRAFT BONE SPACER),2,척추전용형 동종골(MACHINED ALLOGRAFT BONE SPACER)
치료재료,아산,척추전용형 동종골(MACHINED ALLOGRAFT BONE SPACER),6,척추전용형 동종골(MACHINED ALLOGRAFT BONE SPACER)
치료재료,서울대,추간판내 고주파 열치료술,3,추간판내 고주파 열치료술
치료재료,서울성모,추간판내 고주파 열치료술,6,추간판내 고주파 열치료술
치료재료,아산,추간판내 고주파 열치료술,2,추간판내 고주파 열치료술
치료재료,서울대,치과교정용 PLATE & 고정장치,2,치과교정용 PLATE & 고정장치
치료재료,아산,치과교정용 PLATE & 고정장치,10,치과교정용 PLATE & 고정장치
치료재료,서울성모,치과교정용 PLATE - 고정장치,4,치과교정용 PLATE & 고정장치
치료재료,서울성모,치과교정용 상악악궁 확장장치,1,치과교정용 상악악궁 확장장치
치료재료,서울성모,치과임플란트 고정체-SANDBLASTED LARGE GRIT ACID ETCHING처리(SLA),7,치과임플란트 고정체-SANDBLASTED LARGE GRIT ACID ETCHING처리(SLA)
치료재료,아산,치과임플란트 고정체-SANDBLASTED LARGE GRIT ACID ETCHING처리(SLA),6,치과임플란트 고정체-SANDBLASTED LARGE GRIT ACID ETCHING처리(SLA)
치료재료,서울성모,치과임플란트 지대주-분리(ANGLED형),2,치과임플란트 지대주
치료재료,아산,치과임플란트 지대주-분리(ANGLED형),1,치과임플란트 지대주
치료재료,서울성모,치과임플란트 지대주-분리(STRAIGHT형),13,치과임플란트 지대주
치료재료,아산,치과임플란트 지대주-분리(STRAIGHT형),2,치과임플란트 지대주
치료재료,서울성모,치과임플란트 지대주-일체(STRAIGHT형),2,치과임플란트 지대주
치료재료,아산,치수복조 및 기타근관충전재(MTA),2,치수복조 및 기타근관충전재(MTA)
치료재료,서울성모,콜라겐함유 창상치유촉진드레싱류(CAVITY TYPE),1,콜라겐함유 창상치유촉진드레싱류
치료재료,서울성모,콜라겐함유 창상치유촉진드레싱류(동종/GEL TYPE/2ml이하),2,콜라겐함유 창상치유촉진드레싱류
치료재료,서울성모,콜라겐함유 창상치유촉진드레싱류(동종/GEL TYPE/2ml초과-5ml이하),1,콜라겐함유 창상치유촉진드레싱류
치료재료,서울성모,콜라겐함유 창상치유촉진드레싱류(이종/GEL TYPE/2ml초과-5ml이하),2,콜라겐함유 창상치유촉진드레싱류
치료재료,서울성모,콜라겐함유 창상치유촉진드레싱류(이종/GEL TYPE/5ml초과),3,콜라겐함유 창상치유촉진드레싱류
치료재료,서울성모,콜라겐함유 창상치유촉진드레싱류(콜라겐조성 50%이상/SHEET TYPE/100㎠이상-150㎠미만),3,콜라겐함유 창상치유촉진드레싱류
치료재료,서울성모,콜라겐함유 창상치유촉진드레싱류(콜라겐조성 50%이상/SHEET TYPE/25㎠이상-40㎠미만),3,콜라겐함유 창상치유촉진드레싱류
치료재료,서울대,특수재질안구영역임플란트(녹내장 수술용),1,특수재질안구영역임플란트(녹내장 수술용)
치료재료,서울성모,특수재질안구영역임플란트(녹내장 수술용),1,특수재질안구영역임플란트(녹내장 수술용)
치료재료,아산,특수재질안구영역임플란트(녹내장 수술용),1,특수재질안구영역임플란트(녹내장 수술용)
치료재료,서울대,폴리믹신B 고정화섬유를 이용한 혈액관류요법용 카트리지,1,폴리믹신B 고정화섬유를 이용한 혈액관류요법용
치료재료,서울성모,폴리믹신B 고정화섬유를 이용한 혈액관류요법용 카트리지,1,폴리믹신B 고정화섬유를 이용한 혈액관류요법용
치료재료,아산,폴리믹신B 고정화섬유를 이용한 혈액관류요법용 카트리지,1,폴리믹신B 고정화섬유를 이용한 혈액관류요법용
치료재료,서울대,폴리믹신B 고정화섬유를 이용한 혈액관류요법용 혈액회로,1,폴리믹신B 고정화섬유를 이용한 혈액관류요법용
치료재료,서울성모,폴리믹신B 고정화섬유를 이용한 혈액관류요법용 혈액회로,1,폴리믹신B 고정화섬유를 이용한 혈액관류요법용
치료재료,아산,폴리믹신B 고정화섬유를 이용한 혈액관류요법용 혈액회로,1,폴리믹신B 고정화섬유를 이용한 혈액관류요법용
치료재료,서울대,풍선카테터 부비동/이관 성형술용,3,풍선카테터 부비동/이관 성형술용
치료재료,서울성모,풍선카테터 부비동/이관 성형술용,2,풍선카테터 부비동/이관 성형술용
치료재료,아산,풍선카테터 부비동/이관 성형술용,5,풍선카테터 부비동/이관 성형술용
치료재료,서울대,풍선확장 경막외강 유착박리술용,7,풍선확장 경막외강 유착박리술용
치료재료,서울성모,풍선확장 경막외강 유착박리술용,3,풍선확장 경막외강 유착박리술용
치료재료,아산,풍선확장 경막외강 유착박리술용,5,풍선확장 경막외강 유착박리술용
치료재료,서울대,피부보호제(구강연조직 처치시 행위료포함),33,피부보호제
치료재료,서울성모,피부보호제(구강연조직 처치시 행위료포함),30,피부보호제
치료재료,아산,피부보호제(구강연조직 처치시 행위료포함),34,피부보호제
치료재료,서울대,필름 드레싱류,1,필름 드레싱류
치료재료,서울성모,필름 드레싱류,2,필름 드레싱류
치료재료,아산,필름 드레싱류,1,필름 드레싱류
치료재료,아산,혈관내 근적외선 분광분석 CATHETER,1,혈관내 근적외선 분광분석 CATHETER
치료재료,서울대,혈관내영상카테타,4,혈관내영상카테타
치료재료,서울성모,혈관내영상카테타,6,혈관내영상카테타
치료재료,아산,혈관내영상카테타,5,혈관내영상카테타
치료재료,서울대,흉터관리재료,30,흉터관리재료
치료재료,서울성모,흉터관리재료,21,흉터관리재료
치료재료,아산,흉터관리재료,27,흉터관리재료
치료재료,서울대,"흡수성 CRANIOFACIAL IMPLANTS(3D 프린터 이용, 환자 맞춤형)",2,"흡수성 CRANIOFACIAL IMPLANTS(3D 프린터 이용, 환자 맞춤형)"
치료재료,아산,"흡수성 CRANIOFACIAL IMPLANTS(3D 프린터 이용, 환자 맞춤형)",2,"흡수성 CRANIOFACIAL IMPLANTS(3D 프린터 이용, 환자 맞춤형)"
치료재료,서울대,흡수성 MESH PLATE,1,흡수성 MESH PLATE
치료재료,서울대,흡수성 PLATE 고정용 SCREW,3,흡수성 PLATE 고정용 SCREW
치료재료,아산,흡수성 PLATE 고정용 SCREW,3,흡수성 PLATE 고정용 SCREW
행위,세브란스,1-1장 상급병실료 차액,30,상급병실료(차액)
행위,세브란스,2-1장 초음파 검사료,428,초음파 검사료
행위,세브란스,3-1장 초음파영상료,5,초음파 영상료
행위,세브란스,3-2장 자기공명영상진단료(MRI),306,자기공명영상진단료(MRI)
행위,세브란스,3-3장 양전자단층촬영료(PET),15,양전자단층촬영료(PET)
행위,아산,[행위]MRI,92,자기공명영상진단료(MRI)
행위,아산,[행위]PET,5,양전자단층촬영료(PET)
행위,아산,[행위]검사료,163,검사료
행위,아산,[행위]기본진료료,6,기본진료료
행위,아산,[행위]기타,84,기타
행위,아산,[행위]마취료,3,마취료
행위,아산,[행위]물리치료료,12,이학요법료(물리치료료)
행위,아산,[행위]상급병실료차액,2,상급병실료(차액)
행위,아산,[행위]정신요법료,5,정신요법료
행위,아산,[행위]주사료,1,주사료
행위,아산,[행위]처치및수술료,108,처치 및 수술료
행위,아산,[행위]초음파검사료,78,초음파 검사료
행위,아산,[행위]치과 처치및수술료,73,치과 처치 및 수술료
행위,아산,[행위]치과의보철료,28,치과의 보철료
행위,삼성,검사료,240,검사료
행위,서울대,검사료,203,검사료
행위,서울성모,검사료,259,검사료
행위,삼성,기본진료료,7,기본진료료
행위,서울대,기본진료료,14,기본진료료
행위,서울성모,기본진료료,8,기본진료료
행위,삼성,기타,45,기타
행위,서울대,기타,169,기타
행위,서울성모,기타,47,기타
행위,세브란스,기타,1,기타
행위,서울대,마취료,2,마취료
행위,서울성모,마취료,1,마취료
행위,서울성모,상급병실료(차액),6,상급병실료(차액)
행위,삼성,상급병실료차액,2,상급병실료(차액)
행위,서울대,상급병실료차액,3,상급병실료(차액)
행위,삼성,영상진단 및 방사선 치료료,16,영상진단 및 방사선 치료료
행위,서울대,영상진단 및 방사선 치료료,2,영상진단 및 방사선 치료료
행위,서울성모,영상진단 및 방사선치료료,12,영상진단 및 방사선 치료료
행위,삼성,이학요법료(물리치료료),10,이학요법료(물리치료료)
행위,서울대,이학요법료(물리치료료),11,이학요법료(물리치료료)
행위,서울성모,이학요법료(물리치료료),27,이학요법료(물리치료료)
행위,삼성,입원환자 식대,4,입원환자 식대
행위,서울대,입원환자 식대,3,입원환자 식대
행위,서울성모,입원환자 식대,11,입원환자 식대
행위,삼성,자기공명영상진단료(MRI),132,자기공명영상진단료(MRI)
행위,서울대,자기공명영상진단료(MRI),101,자기공명영상진단료(MRI)
행위,서울성모,자기공명영상진단료(MRI),425,자기공명영상진단료(MRI)
행위,삼성,정신요법료,7,정신요법료
행위,서울대,정신요법료,6,정신요법료
행위,서울성모,정신요법료,6,정신요법료
행위,세브란스,"제10장 치과처치, 수술료",252,치과 처치 및 수술료
행위,세브란스,제1장 기본진료료,134,기본진료료
행위,세브란스,제2장 검사료,456,검사료
행위,세브란스,제3장 영상진단 및 방사선 치료료,15,영상진단 및 방사선 치료료
행위,세브란스,제6장 마취료,2,마취료
행위,세브란스,제7장 이학요법료(물리치료료),618,이학요법료(물리치료료)
행위,세브란스,제8장 정신요법료,23,정신요법료
행위,세브란스,제9장 처치 및 수술료 등,706,처치 및 수술료
행위,삼성,주사료,2,주사료
행위,서울대,주사료,4,주사료
행위,서울성모,주사료,7,주사료
행위,서울성모,처치 및 수술료,409,처치 및 수술료
행위,삼성,처치 및 수술료 등,229,처치 및 수술료
행위,서울대,처치 및 수술료 등,109,처치 및 수술료
행위,서울성모,초음파 검사료,78,초음파 검사료
행위,삼성,초음파검사료,102,초음파 검사료
행위,서울대,초음파검사료,179,초음파 검사료
행위,서울대,치과 처치 및 수술료,1,치과 처치 및 수술료
행위,서울성모,치과 처치 및 수술료,119,치과 처치 및 수술료
행위,삼성,치과의 교정치료료,49,치과의 교정치료료
행위,서울성모,치과의 교정치료료,5,치과의 교정치료료
행위,삼성,치과의 보철료,70,치과의 보철료
행위,서울성모,치과의 보철료,3,치과의 보철료
행위,삼성,치과처치 및 수술료,75,치과 처치 및 수술료