최상위계층,표준_중분류명,병원,병원_소분류명,건수,표준_소분류명
약제,기타,삼성,(없음),463,(없음)
약제,기타,서울대,(없음),388,(없음)
약제,기타,서울성모,(없음),435,(없음)
약제,기타,세브란스,(없음),894,(없음)
약제,기타,아산,(없음),525,(없음)
제증명수수료,기타,삼성,(없음),53,(없음)
제증명수수료,기타,서울대,(없음),48,(없음)
제증명수수료,기타,서울성모,(없음),78,(없음)
제증명수수료,기타,세브란스,(없음),107,(없음)
제증명수수료,기타,아산,(없음),45,(없음)
치료재료,CABLE SYSTEM,서울대,(없음),2,(없음)
치료재료,CRANIOFACIAL IMPLANTS,서울대,(없음),16,(없음)
치료재료,CRANIOFACIAL IMPLANTS,서울성모,(없음),8,(없음)
치료재료,CRANIOFACIAL IMPLANTS,서울성모,(없음),8,(없음)
치료재료,CRANIOFACIAL IMPLANTS,아산,(없음),16,(없음)
치료재료,CRANIOFACIAL IMPLANTS,아산,(없음),18,(없음)
치료재료,EAR PACKING용(흡수성),서울대,(없음),1,(없음)
치료재료,IV IN LINE FILTER(5㎛),서울대,(없음),4,(없음)
치료재료,OSTOMY용 ACCESSORY,서울대,(없음),9,(없음)
치료재료,OSTOMY용 ACCESSORY,서울성모,(없음),11,(없음)
치료재료,OSTOMY용 ACCESSORY,아산,(없음),20,(없음)
치료재료,각막교차결합술용,서울대,(없음),1,(없음)
치료재료,각막교차결합술용,서울성모,(없음),1,(없음)
치료재료,각막교차결합술용,아산,(없음),1,(없음)
치료재료,각막내 링 삽입수술용(원추각막),서울성모,(없음),1,(없음)
치료재료,각막내 링 삽입수술용(원추각막),아산,(없음),1,(없음)
치료재료,갑상선 양성결절의 고주파 열치료용,서울대,(없음),3,(없음)
치료재료,갑상선 양성결절의 고주파 열치료용,서울성모,(없음),3,(없음)
치료재료,갑상선 양성결절의 고주파 열치료용,아산,(없음),4,(없음)
치료재료,경막외강 신경박리술 및 감압 신경성형술용,서울대,(없음),6,(없음)
치료재료,경막외강 신경박리술 및 감압 신경성형술용,서울성모,(없음),4,(없음)
치료재료,경막외강 신경박리술 및 감압 신경성형술용,아산,(없음),3,(없음)
치료재료,경막외강 신경박리술용,서울대,(없음),1,(없음)
치료재료,경막외강 신경박리술용,서울성모,(없음),2,(없음)
치료재료,경막외강 신경박리술용,아산,(없음),1,(없음)
치료재료,경성콘텍트렌즈시술용,아산,(없음),1,(없음)
치료재료,경피적 기계화학 정맥폐색술용,서울대,(없음),2,(없음)
치료재료,경피적 기계화학 정맥폐색술용,서울성모,(없음),2,(없음)
치료재료,경피적 기계화학 정맥폐색술용,아산,(없음),1,(없음)
치료재료,경피적 대동맥판 삽입용,서울성모,(없음),4,(없음)
치료재료,경피적 대동맥판 삽입용,서울성모,(없음),2,(없음)
치료재료,경피적 대동맥판 삽입용,서울성모,(없음),2,(없음)
치료재료,경피적 대동맥판 삽입용,서울성모,(없음),1,(없음)
치료재료,경피적 초음파 건 절제술용 절삭기,아산,(없음),1,(없음)
치료재료,고압용필터(조영제용),서울대,(없음),1,(없음)
치료재료,고압용필터(조영제용),서울성모,(없음),2,(없음)
치료재료,고주파 정맥내막폐쇄요법용,서울성모,(없음),2,(없음)
치료재료,고주파 정맥내막폐쇄요법용,아산,(없음),1,(없음)
치료재료,골수 내 하지길이 자성조절 연장술용,서울대,(없음),3,(없음)
치료재료,골수 내 하지길이 자성조절 연장술용,아산,(없음),3,(없음)
치료재료,관상동맥내 광학파 단층촬영용,서울대,(없음),1,(없음)
치료재료,관상동맥내 광학파 단층촬영용,서울성모,(없음),1,(없음)
치료재료,관상동맥내 광학파 단층촬영용,아산,(없음),2,(없음)
치료재료,구강내 장치,서울대,(없음),1,(없음)
치료재료,굴절교정렌즈,서울대,(없음),2,(없음)
치료재료,근골격계 종양의 고주파 열치료용,서울대,(없음),2,(없음)
치료재료,근골격계 종양의 고주파 열치료용,아산,(없음),2,(없음)
치료재료,기관지내시경초음파 가이드시스 KIT,서울대,(없음),4,(없음)
치료재료,기관지내시경초음파 가이드시스 KIT,서울성모,(없음),1,(없음)
치료재료,기관지내시경초음파 가이드시스 KIT,아산,(없음),3,(없음)
치료재료,기타,삼성,(없음),671,(없음)
치료재료,기타,서울대,(없음),493,(없음)
치료재료,기타,서울성모,(없음),341,(없음)
치료재료,기타,세브란스,(없음),2403,(없음)
치료재료,기타 관절치환용 재료,서울대,(없음),4,(없음)
치료재료,기타 관절치환용 재료,서울성모,(없음),3,(없음)
치료재료,기타 관절치환용 재료,서울성모,(없음),2,(없음)
치료재료,기타 관절치환용 재료,아산,(없음),1,(없음)
치료재료,기타 관절치환용 재료,아산,(없음),2,(없음)
치료재료,기타근관충전재(MTA),서울성모,(없음),4,(없음)
치료재료,"내시경 초음파를 이용한 세침흡인술용, 경벽배액술용",서울대,(없음),12,(없음)
치료재료,"내시경 초음파를 이용한 세침흡인술용, 경벽배액술용",서울성모,(없음),8,(없음)
치료재료,"내시경 초음파를 이용한 세침흡인술용, 경벽배액술용",아산,(없음),13,(없음)
치료재료,내시경적 경막외강 신경근성형술용,서울대,(없음),2,(없음)
치료재료,내시경적 경막외강 신경근성형술용,서울성모,(없음),2,(없음)
치료재료,내시경적 경막외강 신경근성형술용,아산,(없음),4,(없음)
치료재료,내시경적 식도 또는 위 정맥류 치료용/(비흡수성)색전물질,서울대,(없음),1,(없음)
치료재료,내시경적 식도 또는 위 정맥류 치료용/(비흡수성)색전물질,서울성모,(없음),1,(없음)
치료재료,내시경적 식도 또는 위 정맥류 치료용/(비흡수성)색전물질,아산,(없음),1,(없음)
치료재료,단일 융모막성 다태임신에 실시하는 고주파 열응고를 이용한 제대 폐색술용,아산,(없음),1,(없음)
치료재료,대퇴과 연골손상에 대한 미세골절술용,서울대,(없음),2,(없음)
치료재료,대퇴과 연골손상에 대한 미세골절술용,서울성모,(없음),2,(없음)
치료재료,대퇴과 연골손상에 대한 미세골절술용,아산,(없음),1,(없음)
치료재료,동종진피,서울대,(없음),5,(없음)
치료재료,동종진피,서울대,(없음),8,(없음)
치료재료,동종진피,서울성모,(없음),14,(없음)
치료재료,동종진피,서울성모,(없음),13,(없음)
치료재료,동종진피,아산,(없음),14,(없음)
치료재료,동종진피,아산,(없음),1,(없음)
치료재료,동종진피,아산,(없음),997,(없음)
치료재료,드레싱 고정류,서울대,(없음),15,(없음)
치료재료,드레싱 고정류,서울성모,(없음),19,(없음)
치료재료,드레싱 고정류,아산,(없음),44,(없음)
치료재료,로봇보조 인공관절 치환술용 절삭기,서울대,(없음),1,(없음)
치료재료,말초신경자극술용 치료재료,서울성모,(없음),6,(없음)
치료재료,발톱고정용 재료,아산,(없음),1,(없음)
치료재료,방광내 점적주입 재료,서울대,(없음),2,(없음)
치료재료,방광내 점적주입 재료,서울성모,(없음),1,(없음)
치료재료,방광내 점적주입 재료,아산,(없음),2,(없음)
치료재료,변배출 밀폐시스템,서울대,(없음),2,(없음)
치료재료,변배출 밀폐시스템,아산,(없음),5,(없음)
치료재료,변연절제술용 절삭기,서울대,(없음),1,(없음)
치료재료,변연절제술용 절삭기,서울성모,(없음),1,(없음)
치료재료,변연절제술용 절삭기,아산,(없음),2,(없음)
치료재료,보조기,서울대,(없음),19,(없음)
치료재료,보조기,서울성모,(없음),20,(없음)
치료재료,보조기,아산,(없음),16,(없음)
치료재료,분리형 니들필터,서울대,(없음),1,(없음)
치료재료,비침습적 지혈용,서울대,(없음),1,(없음)
치료재료,비침습적 지혈용,서울대,(없음),3,(없음)
치료재료,비침습적 지혈용,서울대,(없음),1,(없음)
치료재료,비침습적 지혈용,서울대,(없음),3,(없음)
치료재료,비침습적 지혈용,서울대,(없음),2,(없음)
치료재료,비침습적 지혈용,서울대,(없음),20,(없음)
치료재료,비침습적 지혈용,서울성모,(없음),2,(없음)
치료재료,비침습적 지혈용,서울성모,(없음),1,(없음)
치료재료,비침습적 지혈용,서울성모,(없음),2,(없음)
치료재료,비침습적 지혈용,서울성모,(없음),1,(없음)
치료재료,비침습적 지혈용,서울성모,(없음),10,(없음)
치료재료,상처고정 및 보호용(카테터 고정용 제외),서울대,(없음),9,(없음)
치료재료,상처고정 및 보호용(카테터 고정용 제외),서울성모,(없음),9,(없음)
치료재료,상처고정 및 보호용(카테터 고정용 제외),아산,(없음),17,(없음)
치료재료,수증기를 이용한 경요도 전립선 절제술용,서울대,(없음),1,(없음)
치료재료,시아노아크릴레이트를 이용한 복재정맥 폐색술용,서울대,(없음),1,(없음)
치료재료,시아노아크릴레이트를 이용한 복재정맥 폐색술용,서울성모,(없음),1,(없음)
치료재료,시아노아크릴레이트를 이용한 복재정맥 폐색술용,아산,(없음),1,(없음)
치료재료,신경보존 양막이식술용 AMNIOTIC MEMBRANE,서울성모,(없음),2,(없음)
치료재료,악안면 교정용,서울성모,(없음),1,(없음)
치료재료,압력요류검사용 커프,서울성모,(없음),1,(없음)
치료재료,압력요류검사용 커프,아산,(없음),1,(없음)
치료재료,압박고정용 치료재료,서울대,(없음),6,(없음)
치료재료,압박고정용 치료재료,서울대,(없음),8,(없음)
치료재료,압박고정용 치료재료,서울성모,(없음),7,(없음)
치료재료,압박고정용 치료재료,서울성모,(없음),19,(없음)
치료재료,압박고정용 치료재료,아산,(없음),20,(없음)
치료재료,압박고정용 치료재료,아산,(없음),9,(없음)
치료재료,연골 결손 환자에서의 자가 골수 줄기 세포 치료술용,서울대,(없음),2,(없음)
치료재료,연구개 이식물 삽입술용,아산,(없음),1,(없음)
치료재료,연속혈당측정용전극,서울대,(없음),4,(없음)
치료재료,연속혈당측정용전극,서울성모,(없음),3,(없음)
치료재료,연속혈당측정용전극,아산,(없음),1,(없음)
치료재료,연조직 재건용,서울대,(없음),15,(없음)
치료재료,연조직 재건용,서울성모,(없음),29,(없음)
치료재료,연조직 재건용,아산,(없음),19,(없음)
치료재료,"연조직재생유도재, 흡수성/천연재료 콜라겐",아산,(없음),1,(없음)
치료재료,유방 생검용,서울대,(없음),3,(없음)
치료재료,유방 생검용,서울성모,(없음),4,(없음)
치료재료,유방 생검용,아산,(없음),3,(없음)
치료재료,의료용레이저조사기,서울성모,(없음),1,(없음)
치료재료,인공유방,서울대,(없음),1,(없음)
치료재료,인레이.온레이용 임시 충전재,아산,(없음),1,(없음)
치료재료,인슐린종의 고주파 열치료용,아산,(없음),1,(없음)
치료재료,인체조직유래 2차 가공뼈,서울대,(없음),5,(없음)
치료재료,인체조직유래 2차 가공뼈,서울성모,(없음),15,(없음)
치료재료,인체조직유래 2차 가공뼈,아산,(없음),12,(없음)
치료재료,일시적피부대체드레싱류,서울성모,(없음),1,(없음)
치료재료,일시적피부대체드레싱류,서울성모,(없음),1,(없음)
치료재료,일체형 니들필터 / 기타형 필터,서울대,(없음),1,(없음)
치료재료,자가 혈소판 풍부 혈장 안약치료술용,서울성모,(없음),1,(없음)
치료재료,자동광반출술용,서울대,(없음),1,(없음)
치료재료,자착성(탄력)붕대,서울대,(없음),7,(없음)
치료재료,자착성(탄력)붕대,서울성모,(없음),20,(없음)
치료재료,자착성(탄력)붕대,아산,(없음),10,(없음)
치료재료,재조합골형성단백질(RHBMP-2) 함유 골이식재,서울대,(없음),3,(없음)
치료재료,재조합골형성단백질(RHBMP-2) 함유 골이식재,서울성모,(없음),7,(없음)
치료재료,재조합골형성단백질(RHBMP-2) 함유 골이식재,아산,(없음),5,(없음)
치료재료,전기 임피던스 단층영상술용 SENSOR,서울대,(없음),1,(없음)
치료재료,전립선 결찰술용 이식형 결찰사,서울대,(없음),1,(없음)
치료재료,전립선 결찰술용 이식형 결찰사,서울성모,(없음),1,(없음)
치료재료,전립선 결찰술용 이식형 결찰사,아산,(없음),1,(없음)
치료재료,전신마취 중 ANI 감시용,서울대,(없음),1,(없음)
치료재료,전신마취 중 ANI 감시용,서울성모,(없음),1,(없음)
치료재료,전신마취 중 ANI 감시용,아산,(없음),2,(없음)
치료재료,정맥류제거용,서울대,(없음),1,(없음)
치료재료,정맥류제거용,서울성모,(없음),2,(없음)
치료재료,정형용교정장치,아산,(없음),2,(없음)
치료재료,"정형용품 IMPLANTS(3D 프린터 이용, 환자 맞춤형)",서울대,(없음),2,(없음)
치료재료,"정형용품 IMPLANTS(3D 프린터 이용, 환자 맞춤형)",서울성모,(없음),4,(없음)
치료재료,"정형용품 IMPLANTS(3D 프린터 이용, 환자 맞춤형)",아산,(없음),3,(없음)
치료재료,조절성 인공수정체 (ACCOMMODATIVE IOL),서울대,(없음),15,(없음)
치료재료,조절성 인공수정체 (ACCOMMODATIVE IOL),서울성모,(없음),20,(없음)
치료재료,조절성 인공수정체 (ACCOMMODATIVE IOL),아산,(없음),29,(없음)
치료재료,주름개선용 임플란트,서울대,(없음),3,(없음)
치료재료,주름개선용 임플란트,서울성모,(없음),2,(없음)
치료재료,주름개선용 임플란트,아산,(없음),6,(없음)
치료재료,중증 하지 허혈성질환에서 자가 골수줄기 세포 치료술용,서울성모,(없음),1,(없음)
치료재료,척추경막외 유착방지제,서울대,(없음),4,(없음)
치료재료,척추경막외 유착방지제,서울성모,(없음),11,(없음)
치료재료,척추경막외 유착방지제,아산,(없음),7,(없음)
치료재료,척추고정용,서울대,(없음),1,(없음)
치료재료,척추고정용,서울성모,(없음),3,(없음)
치료재료,척추고정용,아산,(없음),1,(없음)
치료재료,척추극돌기간고정용,아산,(없음),1,(없음)
치료재료,척추전용형 동종골(MACHINED ALLOGRAFT BONE SPACER),서울대,(없음),1,(없음)
치료재료,척추전용형 동종골(MACHINED ALLOGRAFT BONE SPACER),서울성모,(없음),2,(없음)
치료재료,척추전용형 동종골(MACHINED ALLOGRAFT BONE SPACER),아산,(없음),6,(없음)
치료재료,추간판내 고주파 열치료술,서울대,(없음),3,(없음)
치료재료,추간판내 고주파 열치료술,서울성모,(없음),6,(없음)
치료재료,추간판내 고주파 열치료술,아산,(없음),2,(없음)
치료재료,치과교정용 PLATE & 고정장치,서울대,(없음),2,(없음)
치료재료,치과교정용 PLATE & 고정장치,서울성모,(없음),4,(없음)
치료재료,치과교정용 PLATE & 고정장치,아산,(없음),10,(없음)
치료재료,치과교정용 상악악궁 확장장치,서울성모,(없음),1,(없음)
치료재료,치과임플란트 고정체-SANDBLASTED LARGE GRIT ACID ETCHING처리(SLA),서울성모,(없음),7,(없음)
치료재료,치과임플란트 고정체-SANDBLASTED LARGE GRIT ACID ETCHING처리(SLA),아산,(없음),6,(없음)
치료재료,치과임플란트 지대주,서울성모,(없음),2,(없음)
치료재료,치과임플란트 지대주,서울성모,(없음),13,(없음)
치료재료,치과임플란트 지대주,서울성모,(없음),2,(없음)
치료재료,치과임플란트 지대주,아산,(없음),2,(없음)
치료재료,치과임플란트 지대주,아산,(없음),1,(없음)
치료재료,치수복조 및 기타근관충전재(MTA),아산,(없음),2,(없음)
치료재료,콜라겐함유 창상치유촉진드레싱류,서울성모,(없음),1,(없음)
치료재료,콜라겐함유 창상치유촉진드레싱류,서울성모,(없음),2,(없음)
치료재료,콜라겐함유 창상치유촉진드레싱류,서울성모,(없음),1,(없음)
치료재료,콜라겐함유 창상치유촉진드레싱류,서울성모,(없음),2,(없음)
치료재료,콜라겐함유 창상치유촉진드레싱류,서울성모,(없음),3,(없음)
치료재료,콜라겐함유 창상치유촉진드레싱류,서울성모,(없음),3,(없음)
치료재료,콜라겐함유 창상치유촉진드레싱류,서울성모,(없음),3,(없음)
치료재료,특수재질안구영역임플란트(녹내장 수술용),서울대,(없음),1,(없음)
치료재료,특수재질안구영역임플란트(녹내장 수술용),서울성모,(없음),1,(없음)
치료재료,특수재질안구영역임플란트(녹내장 수술용),아산,(없음),1,(없음)
치료재료,폴리믹신B 고정화섬유를 이용한 혈액관류요법용,서울대,(없음),1,(없음)
치료재료,폴리믹신B 고정화섬유를 이용한 혈액관류요법용,서울대,(없음),1,(없음)
치료재료,폴리믹신B 고정화섬유를 이용한 혈액관류요법용,서울성모,(없음),1,(없음)
치료재료,폴리믹신B 고정화섬유를 이용한 혈액관류요법용,서울성모,(없음),1,(없음)
치료재료,폴리믹신B 고정화섬유를 이용한 혈액관류요법용,아산,(없음),1,(없음)
치료재료,폴리믹신B 고정화섬유를 이용한 혈액관류요법용,아산,(없음),1,(없음)
치료재료,풍선카테터 부비동/이관 성형술용,서울대,(없음),3,(없음)
치료재료,풍선카테터 부비동/이관 성형술용,서울성모,(없음),2,(없음)
치료재료,풍선카테터 부비동/이관 성형술용,아산,(없음),5,(없음)
치료재료,풍선확장 경막외강 유착박리술용,서울대,(없음),7,(없음)
치료재료,풍선확장 경막외강 유착박리술용,서울성모,(없음),3,(없음)
치료재료,풍선확장 경막외강 유착박리술용,아산,(없음),5,(없음)
치료재료,피부보호제,서울대,(없음),33,(없음)
치료재료,피부보호제,서울성모,(없음),30,(없음)
치료재료,피부보호제,아산,(없음),34,(없음)
치료재료,필름 드레싱류,서울대,(없음),1,(없음)
치료재료,필름 드레싱류,서울성모,(없음),2,(없음)
치료재료,필름 드레싱류,아산,(없음),1,(없음)
치료재료,혈관내 근적외선 분광분석 CATHETER,아산,(없음),1,(없음)
치료재료,혈관내영상카테타,서울대,(없음),4,(없음)
치료재료,혈관내영상카테타,서울성모,(없음),6,(없음)
치료재료,혈관내영상카테타,아산,(없음),5,(없음)
치료재료,흉터관리재료,서울대,(없음),30,(없음)
치료재료,흉터관리재료,서울성모,(없음),21,(없음)
치료재료,흉터관리재료,아산,(없음),27,(없음)
치료재료,"흡수성 CRANIOFACIAL IMPLANTS(3D 프린터 이용, 환자 맞춤형)",서울대,(없음),2,(없음)
치료재료,"흡수성 CRANIOFACIAL IMPLANTS(3D 프린터 이용, 환자 맞춤형)",아산,(없음),2,(없음)
치료재료,흡수성 MESH PLATE,서울대,(없음),1,(없음)
치료재료,흡수성 PLATE 고정용 SCREW,서울대,(없음),3,(없음)
치료재료,흡수성 PLATE 고정용 SCREW,아산,(없음),3,(없음)
행위,검사료,삼성,(없음),3,(없음)
행위,검사료,세브란스,(없음),456,(없음)
행위,검사료,삼성,감염증 기타 검사,2,감염증 기타 검사
행위,검사료,서울대,감염증 기타 검사,1,감염증 기타 검사
행위,검사료,삼성,감염증 혈청검사,2,감염증 혈청검사
행위,검사료,아산,감염증기타검사,5,감염증 기타 검사
행위,검사료,서울성모,기능검사,3,기능검사
행위,검사료,삼성,기타,24,(없음)
행위,검사료,서울대,기타,58,(없음)
행위,검사료,서울성모,기타,43,(없음)
행위,검사료,아산,기타,27,(없음)
행위,검사료,삼성,내분비검사,5,내분비검사
행위,검사료,서울대,내분비검사,4,내분비검사
행위,검사료,서울성모,내분비검사,12,내분비검사
행위,검사료,아산,내분비검사,6,내분비검사
행위,검사료,삼성,내분비기능검사,2,내분비기능검사
행위,검사료,서울대,내분비기능검사,2,내분비기능검사
행위,검사료,서울성모,내분비기능검사,2,내분비기능검사
행위,검사료,아산,내분비기능검사,2,내분비기능검사
행위,검사료,삼성,내시경,8,내시경
행위,검사료,서울대,내시경,4,내시경
행위,검사료,아산,내시경,5,내시경
행위,검사료,서울대,내시경 천자 및 생검료,5,내시경 천자 및 생검료
행위,검사료,서울성모,"내시경,천자 및 생검료",1,내시경 천자 및 생검료
행위,검사료,서울대,대사검사,1,대사검사
행위,검사료,서울성모,면역혈청검사,8,면역혈청검사
행위,검사료,서울성모,면역화학검사,4,면역화학검사
행위,검사료,삼성,미생물검사,4,미생물검사
행위,검사료,서울대,미생물검사,1,미생물검사
행위,검사료,서울성모,미생물검사,1,미생물검사
행위,검사료,아산,미생물검사,1,미생물검사
행위,검사료,서울대,바이러스성 간염 혈청검사,2,바이러스성 간염 혈청검사
행위,검사료,삼성,분자병리검사,27,분자병리검사
행위,검사료,서울대,분자병리검사,23,분자병리검사
행위,검사료,서울성모,분자병리검사,22,분자병리검사
행위,검사료,아산,분자병리검사,30,분자병리검사
행위,검사료,서울성모,분자생물검사,15,분자생물검사
행위,검사료,서울성모,사람유전자 분자유전검사,14,사람유전자 분자유전검사
행위,검사료,서울대,"생식, 임신 및 분만",1,"생식, 임신 및 분만"
행위,검사료,서울성모,"생식,임신 및 분만",4,"생식, 임신 및 분만"
행위,검사료,삼성,세포면역검사,8,세포면역검사
행위,검사료,서울대,세포면역검사,5,세포면역검사
행위,검사료,서울성모,세포면역검사,2,세포면역검사
행위,검사료,아산,세포면역검사,3,세포면역검사
행위,검사료,아산,세포병리검사,1,세포병리검사
행위,검사료,삼성,소화기기능검사,2,소화기 기능검사
행위,검사료,서울대,소화기기능검사,2,소화기 기능검사
행위,검사료,서울성모,소화기기능검사,2,소화기 기능검사
행위,검사료,아산,소화기기능검사,3,소화기 기능검사
행위,검사료,삼성,순환기 기능검사,6,순환기 기능검사
행위,검사료,서울대,순환기 기능검사,4,순환기 기능검사
행위,검사료,아산,순환기 기능검사,7,순환기 기능검사
행위,검사료,서울성모,순환기기능검사,6,순환기 기능검사
행위,검사료,삼성,시기능검사,8,시기능검사
행위,검사료,서울대,시기능검사,7,시기능검사
행위,검사료,서울성모,시기능검사,10,시기능검사
행위,검사료,아산,시기능검사,7,시기능검사
행위,검사료,삼성,신경계기능검사,40,신경계기능검사
행위,검사료,서울대,신경계기능검사,30,신경계기능검사
행위,검사료,서울성모,신경계기능검사,54,신경계기능검사
행위,검사료,아산,신경계기능검사,32,신경계기능검사
행위,검사료,삼성,신장 및 비뇨기검사,2,신장 및 비뇨기검사
행위,검사료,서울대,심뇌혈관질환검사,1,심뇌혈관질환검사
행위,검사료,아산,심뇌혈관질환검사,1,심뇌혈관질환검사
행위,검사료,삼성,알레르기검사,3,알레르기검사
행위,검사료,서울대,알레르기검사,3,알레르기검사
행위,검사료,서울성모,알레르기검사,4,알레르기검사
행위,검사료,아산,알레르기검사,2,알레르기검사
행위,검사료,삼성,외국의뢰,73,외국의뢰
행위,검사료,삼성,"외피, 근골기능검사",3,"외피, 근골기능검사"
행위,검사료,서울대,"외피, 근골기능검사",8,"외피, 근골기능검사"
행위,검사료,서울성모,"외피, 근골기능검사",14,"외피, 근골기능검사"
행위,검사료,아산,"외피, 근골기능검사",6,"외피, 근골기능검사"
행위,검사료,서울성모,요성기검사,7,요성기검사
행위,검사료,아산,유전상대사질환검사,4,유전성대사질환검사
행위,검사료,삼성,유전성대사질환검사,1,유전성대사질환검사
행위,검사료,삼성,일반생검,1,일반생검
행위,검사료,서울대,일반생검,1,일반생검
행위,검사료,아산,일반생검,1,일반생검
행위,검사료,삼성,일반화학검사,3,일반화학검사
행위,검사료,서울대,일반화학검사,2,일반화학검사
행위,검사료,아산,일반화학검사,1,일반화학검사
행위,검사료,삼성,자가면역질환검사,3,자가면역질환검사
행위,검사료,서울대,자가면역질환검사,10,자가면역질환검사
행위,검사료,서울성모,자가면역질환검사,3,자가면역질환검사
행위,검사료,아산,자가면역질환검사,4,자가면역질환검사
행위,검사료,서울성모,자가면역혈청검사,4,자가면역혈청검사
행위,검사료,삼성,전기영동검사,1,전기영동검사
행위,검사료,서울대,전기영동검사,1,전기영동검사
행위,검사료,서울성모,전기영동검사,1,전기영동검사
행위,검사료,아산,전기영동검사,1,전기영동검사
행위,검사료,삼성,조직병리검사,3,조직병리검사
행위,검사료,서울대,조직병리검사,1,조직병리검사
행위,검사료,서울대,종양표지자검사,1,종양표지자검사
행위,검사료,서울성모,종양표지자검사,1,종양표지자검사
행위,검사료,아산,종양표지자검사,1,종양표지자검사
행위,검사료,서울대,"지질, 영양 관련검사",1,"지질, 영양 관련검사"
행위,검사료,삼성,체액 및 천자액 검사,1,체액 및 천자액 검사
행위,검사료,서울대,체액 및 천자액 검사,3,체액 및 천자액 검사
행위,검사료,아산,체액 및 천자액 검사,3,체액 및 천자액 검사
행위,검사료,아산,"출혈,혈전검사",1,"출혈,혈전검사"
행위,검사료,삼성,치아검사,3,치아검사
행위,검사료,서울대,치아검사,1,치아검사
행위,검사료,서울성모,치아검사,1,치아검사
행위,검사료,아산,치아검사,1,치아검사
행위,검사료,서울성모,특수화학검사,5,특수화학검사
행위,검사료,서울대,평형 및 청각기능검사,12,평형 및 청각기능검사
행위,검사료,서울성모,평형 및 청각기능검사,7,평형 및 청각기능검사
행위,검사료,아산,평형 및 청각기능검사,4,평형 및 청각기능검사
행위,검사료,서울대,혈액학검사,2,혈액학검사
행위,검사료,삼성,혈장단백검사,1,혈장단백검사
행위,검사료,서울대,혈장단백검사,2,혈장단백검사
행위,검사료,서울성모,혈장단백검사,1,혈장단백검사
행위,검사료,아산,혈장단백검사,2,혈장단백검사
행위,검사료,삼성,호흡기능검사,1,호흡기능검사
행위,검사료,서울대,호흡기능검사,4,호흡기능검사
행위,검사료,서울성모,호흡기능검사,8,호흡기능검사
행위,검사료,아산,호흡기능검사,2,호흡기능검사
행위,기본진료료,세브란스,(없음),134,(없음)
행위,기본진료료,삼성,교육상담료,7,교육상담료
행위,기본진료료,서울대,교육상담료,14,교육상담료
행위,기본진료료,서울성모,교육상담료,8,교육상담료
행위,기본진료료,아산,교육상담료,6,교육상담료
행위,기타,삼성,(없음),3,(없음)
행위,기타,세브란스,(없음),1,(없음)
행위,기타,아산,감염증기타검사,1,감염증기타검사
행위,기타,삼성,기타,38,(없음)
행위,기타,서울대,기타,169,(없음)
행위,기타,서울성모,기타,46,(없음)
행위,기타,아산,기타,83,(없음)
행위,기타,서울성모,신경,1,신경
행위,마취료,세브란스,(없음),2,(없음)
행위,마취료,서울대,기타,1,(없음)
행위,마취료,서울성모,마취료,1,마취료
행위,마취료,아산,마취료,1,마취료
행위,마취료,서울대,신경차단술료,1,신경차단술료
행위,마취료,아산,신경차단술료,2,신경차단술료
행위,상급병실료(차액),세브란스,(없음),30,(없음)
행위,상급병실료(차액),서울성모,상급병실료,6,상급병실료
행위,상급병실료(차액),서울대,상급병실료 차액,3,상급병실료(차액)
행위,상급병실료(차액),아산,상급병실료 차액,2,상급병실료(차액)
행위,상급병실료(차액),삼성,상급병실료차액,2,상급병실료(차액)
행위,양전자단층촬영료(PET),세브란스,(없음),15,(없음)
행위,양전자단층촬영료(PET),아산,PET 진단료,4,PET 진단료
행위,양전자단층촬영료(PET),아산,기타,1,(없음)
행위,영상진단 및 방사선 치료료,세브란스,(없음),15,(없음)
행위,영상진단 및 방사선 치료료,삼성,기타,2,(없음)
행위,영상진단 및 방사선 치료료,삼성,방사선단순영상진단료,2,방사선단순영상진단료
행위,영상진단 및 방사선 치료료,서울성모,방사선단순영상진단료,1,방사선단순영상진단료
행위,영상진단 및 방사선 치료료,삼성,방사선치료료,7,방사선치료료
행위,영상진단 및 방사선 치료료,서울대,방사선치료료,1,방사선치료료
행위,영상진단 및 방사선 치료료,서울성모,방사선치료료,7,방사선치료료
행위,영상진단 및 방사선 치료료,삼성,전산화단층영상진단,1,전산화단층영상진단
행위,영상진단 및 방사선 치료료,서울대,핵의학영상진단,1,핵의학영상진단 및 골밀도검사료
행위,영상진단 및 방사선 치료료,삼성,핵의학영상진단 및 골밀도검사료,4,핵의학영상진단 및 골밀도검사료
행위,영상진단 및 방사선 치료료,서울성모,핵의학영상진단 및 골밀도검사료,4,핵의학영상진단 및 골밀도검사료
행위,이학요법료(물리치료료),세브란스,(없음),618,(없음)
행위,이학요법료(물리치료료),삼성,기타,1,(없음)
행위,이학요법료(물리치료료),삼성,물리치료료,9,물리치료료
행위,이학요법료(물리치료료),서울성모,물리치료료,27,물리치료료
행위,이학요법료(물리치료료),아산,물리치료료,10,물리치료료
행위,이학요법료(물리치료료),서울대,이학요법료,11,이학요법료
행위,이학요법료(물리치료료),아산,이학요법료,2,이학요법료
행위,입원환자 식대,삼성,식대,4,식대
행위,입원환자 식대,서울대,식대,3,식대
행위,입원환자 식대,서울성모,식대,11,식대
행위,자기공명영상진단료(MRI),세브란스,(없음),306,(없음)
행위,자기공명영상진단료(MRI),삼성,공통(견/수/고/슬관절),1,공통(견/수/고/슬관절)
행위,자기공명영상진단료(MRI),삼성,근골격계,23,근골격계
행위,자기공명영상진단료(MRI),서울대,근골격계,17,근골격계
행위,자기공명영상진단료(MRI),서울성모,근골격계,107,근골격계
행위,자기공명영상진단료(MRI),아산,근골격계,19,근골격계
행위,자기공명영상진단료(MRI),삼성,기타,18,(없음)
행위,자기공명영상진단료(MRI),서울대,기타,1,(없음)
행위,자기공명영상진단료(MRI),서울성모,기타,2,(없음)
행위,자기공명영상진단료(MRI),아산,기타,13,(없음)
행위,자기공명영상진단료(MRI),서울성모,뇌,17,"뇌[뇌, 해마]"
행위,자기공명영상진단료(MRI),삼성,"뇌[뇌, 해마]",8,"뇌[뇌, 해마]"
행위,자기공명영상진단료(MRI),서울대,"뇌[뇌, 해마]",3,"뇌[뇌, 해마]"
행위,자기공명영상진단료(MRI),아산,"뇌[뇌, 해마]",5,"뇌[뇌, 해마]"
행위,자기공명영상진단료(MRI),삼성,두경부,16,두경부
행위,자기공명영상진단료(MRI),서울대,두경부,14,두경부
행위,자기공명영상진단료(MRI),서울성모,두경부,51,두경부
행위,자기공명영상진단료(MRI),아산,두경부,7,두경부
행위,자기공명영상진단료(MRI),아산,방사선특수영상진단료,2,방사선특수영상진단료
행위,자기공명영상진단료(MRI),삼성,복부,25,복부
행위,자기공명영상진단료(MRI),서울대,복부,17,복부
행위,자기공명영상진단료(MRI),서울성모,복부,33,복부
행위,자기공명영상진단료(MRI),아산,복부,14,복부
행위,자기공명영상진단료(MRI),삼성,복합,10,복합(여러 부위)
행위,자기공명영상진단료(MRI),서울성모,복합,84,복합(여러 부위)
행위,자기공명영상진단료(MRI),서울대,복합(여러 부위),13,복합(여러 부위)
행위,자기공명영상진단료(MRI),서울성모,심장,11,심장
행위,자기공명영상진단료(MRI),삼성,전신,2,전신
행위,자기공명영상진단료(MRI),서울대,전신,2,전신
행위,자기공명영상진단료(MRI),서울성모,전신,3,전신
행위,자기공명영상진단료(MRI),아산,전신,2,전신
행위,자기공명영상진단료(MRI),삼성,척추,11,척추
행위,자기공명영상진단료(MRI),서울대,척추,12,척추
행위,자기공명영상진단료(MRI),서울성모,척추,56,척추
행위,자기공명영상진단료(MRI),아산,척추,6,척추
행위,자기공명영상진단료(MRI),삼성,특수검사,4,특수검사
행위,자기공명영상진단료(MRI),서울대,특수검사,5,특수검사
행위,자기공명영상진단료(MRI),서울성모,특수검사,23,특수검사
행위,자기공명영상진단료(MRI),아산,특수검사,7,특수검사
행위,자기공명영상진단료(MRI),삼성,혈관,9,혈관
행위,자기공명영상진단료(MRI),서울대,혈관,10,혈관
행위,자기공명영상진단료(MRI),서울성모,혈관,27,혈관
행위,자기공명영상진단료(MRI),아산,혈관,10,혈관
행위,자기공명영상진단료(MRI),삼성,흉부,5,흉부
행위,자기공명영상진단료(MRI),서울대,흉부,7,흉부
행위,자기공명영상진단료(MRI),서울성모,흉부,11,흉부
행위,자기공명영상진단료(MRI),아산,흉부,7,흉부
행위,정신요법료,세브란스,(없음),23,(없음)
행위,정신요법료,삼성,정신요법료,7,정신요법료
행위,정신요법료,서울대,정신요법료,6,정신요법료
행위,정신요법료,서울성모,정신요법료,6,정신요법료
행위,정신요법료,아산,정신요법료,5,정신요법료
행위,주사료,삼성,주사료,2,주사료
행위,주사료,서울대,주사료,4,주사료
행위,주사료,서울성모,주사료,7,주사료
행위,주사료,아산,주사료,1,주사료
행위,처치 및 수술료,삼성,(없음),12,(없음)
행위,처치 및 수술료,세브란스,(없음),706,(없음)
행위,처치 및 수술료,아산,(없음),1,(없음)
행위,처치 및 수술료,서울대,3D프린팅이용의료기술,1,3D프린팅이용의료기술
행위,처치 및 수술료,삼성,간,1,"간,췌장"
행위,처치 및 수술료,서울성모,"간,췌장",3,"간,췌장"
행위,처치 및 수술료,서울대,감각기-시기,5,감각기
행위,처치 및 수술료,서울성모,감각기-시기(귀),2,감각기
행위,처치 및 수술료,삼성,감각기-시기(눈),13,감각기
행위,처치 및 수술료,서울성모,감각기-시기(눈),59,감각기
행위,처치 및 수술료,아산,감각기-시기(눈),5,감각기
행위,처치 및 수술료,삼성,감각기-청기(귀),1,감각기
행위,처치 및 수술료,삼성,근골,9,근골격계
행위,처치 및 수술료,서울대,근골,6,근골격계
행위,처치 및 수술료,아산,근골,7,근골격계
행위,처치 및 수술료,서울성모,근골격계,6,근골격계
행위,처치 및 수술료,삼성,"기관, 기관지 및 폐",1,"기관, 기관지 및 폐"
행위,처치 및 수술료,삼성,기타,128,(없음)
행위,처치 및 수술료,서울대,기타,23,(없음)
행위,처치 및 수술료,서울성모,기타,163,(없음)
행위,처치 및 수술료,아산,기타,41,(없음)
행위,처치 및 수술료,서울대,남성 생식기,1,남성 생식기
행위,처치 및 수술료,삼성,내분비기,2,내분비기
행위,처치 및 수술료,서울대,내분비기,2,내분비기
행위,처치 및 수술료,서울성모,내분비기,3,내분비기
행위,처치 및 수술료,아산,내분비기,1,내분비기
행위,처치 및 수술료,삼성,보조생식술,31,보조생식술
행위,처치 및 수술료,서울대,보조생식술,27,보조생식술
행위,처치 및 수술료,아산,보조생식술,20,보조생식술
행위,처치 및 수술료,삼성,비뇨기,3,비뇨기
행위,처치 및 수술료,서울대,비뇨기,5,비뇨기
행위,처치 및 수술료,서울성모,비뇨기,14,비뇨기
행위,처치 및 수술료,아산,비뇨기,3,비뇨기
행위,처치 및 수술료,서울성모,소화기,1,소화기
행위,처치 및 수술료,서울대,소화기 내시경하 시술,1,소화기 내시경하 시술
행위,처치 및 수술료,서울성모,소화기 내시경하 시술,2,소화기 내시경하 시술
행위,처치 및 수술료,아산,소화기 내시경하 시술,3,소화기 내시경하 시술
행위,처치 및 수술료,삼성,소화기내시경하시술,4,소화기 내시경하 시술
행위,처치 및 수술료,삼성,순환기,12,순환기
행위,처치 및 수술료,서울대,순환기,6,순환기
행위,처치 및 수술료,서울성모,순환기,14,순환기
행위,처치 및 수술료,아산,순환기,6,순환기
행위,처치 및 수술료,아산,시기,1,감각기
행위,처치 및 수술료,삼성,신경,3,신경
행위,처치 및 수술료,서울대,신경,11,신경
행위,처치 및 수술료,서울성모,신경,13,신경
행위,처치 및 수술료,아산,신경,6,신경
행위,처치 및 수술료,아산,신경계 기능검사,1,신경계 기능검사
행위,처치 및 수술료,삼성,"여성 생식기, 임신과 분만",4,"여성 생식기, 임신과 분만"
행위,처치 및 수술료,서울대,"여성 생식기, 임신과 분만",5,"여성 생식기, 임신과 분만"
행위,처치 및 수술료,서울성모,"여성 생식기, 임신과 분만",12,"여성 생식기, 임신과 분만"
행위,처치 및 수술료,아산,"여성 생식기, 임신과 분만",3,"여성 생식기, 임신과 분만"
행위,처치 및 수술료,서울성모,여성생식기,1,"여성 생식기, 임신과 분만"
행위,처치 및 수술료,서울대,위,2,위
행위,처치 및 수술료,서울성모,위,24,위
행위,처치 및 수술료,서울성모,유방,24,유방
행위,처치 및 수술료,아산,"입, 이하선",1,"입, 이하선"
행위,처치 및 수술료,서울성모,"입,이하선",8,"입, 이하선"
행위,처치 및 수술료,서울대,중재적 방사선 시술,1,중재적 방사선 시술
행위,처치 및 수술료,서울성모,중재적 방사선 시술,1,중재적 방사선 시술
행위,처치 및 수술료,아산,중재적 방사선 시술,2,중재적 방사선 시술
행위,처치 및 수술료,서울성모,직장 및 항문,1,직장 및 항문
행위,처치 및 수술료,삼성,코,2,코
행위,처치 및 수술료,서울대,코,1,코
행위,처치 및 수술료,아산,코,1,코
행위,처치 및 수술료,서울대,투석,1,투석
행위,처치 및 수술료,아산,투석,1,투석
행위,처치 및 수술료,삼성,피부 및 연부조직,2,피부 및 연부조직
행위,처치 및 수술료,서울대,피부 및 연부조직,7,피부 및 연부조직
행위,처치 및 수술료,아산,피부 및 연부조직,1,피부 및 연부조직
행위,처치 및 수술료,서울성모,피부 및 연조직,56,피부 및 연부조직
행위,처치 및 수술료,아산,피부및연부조직,2,피부 및 연부조직
행위,처치 및 수술료,삼성,후두,1,후두
행위,처치 및 수술료,서울대,후두,4,후두
행위,처치 및 수술료,서울성모,후두,2,후두
행위,처치 및 수술료,아산,후두,2,후두
행위,초음파 검사료,세브란스,(없음),428,(없음)
행위,초음파 검사료,아산,초음파 검사료,75,초음파 검사료
행위,초음파 검사료,삼성,초음파검사료,102,초음파 검사료
행위,초음파 검사료,서울대,초음파검사료,179,초음파 검사료
행위,초음파 검사료,서울성모,초음파검사료,78,초음파 검사료
행위,초음파 검사료,아산,특수 초음파,3,특수 초음파
행위,초음파 영상료,세브란스,(없음),5,(없음)
행위,치과 처치 및 수술료,세브란스,(없음),252,(없음)
행위,치과 처치 및 수술료,아산,교정료,1,교정료
행위,치과 처치 및 수술료,아산,구강악안면 수술,2,구강악안면 수술
행위,치과 처치 및 수술료,아산,구강외과 수술,2,구강외과 수술
행위,치과 처치 및 수술료,삼성,구강외과수술,3,구강외과 수술
행위,치과 처치 및 수술료,삼성,기타,54,(없음)
행위,치과 처치 및 수술료,아산,기타,47,(없음)
행위,치과 처치 및 수술료,아산,보철료,1,보철료
행위,치과 처치 및 수술료,아산,"수술후 처치, 치주조직의 처치 등",5,"수술후 처치, 치주조직의 처치 등"
행위,치과 처치 및 수술료,서울대,"수술후 처치,치주조직의 처치 등",1,"수술후 처치, 치주조직의 처치 등"
행위,치과 처치 및 수술료,삼성,"수술후처치,치주조직의처치 등",3,"수술후 처치, 치주조직의 처치 등"
행위,치과 처치 및 수술료,삼성,치과질환처치,15,치과질환처치
행위,치과 처치 및 수술료,아산,치아검사,1,치아검사
행위,치과 처치 및 수술료,아산,치아질환 처치,9,치과질환처치
행위,치과 처치 및 수술료,서울성모,치아질환처치,119,치과질환처치
행위,치과 처치 및 수술료,아산,치주질환 수술,5,치주질환 수술
행위,치과의 교정치료료,삼성,기타,49,기타
행위,치과의 교정치료료,서울성모,치과의 교정치료료,4,치과의 교정치료료
행위,치과의 교정치료료,서울성모,치아질환처치,1,치아질환처치
행위,치과의 보철료,삼성,기타,59,(없음)
행위,치과의 보철료,아산,기타,21,(없음)
행위,치과의 보철료,아산,보철료,7,보철료
행위,치과의 보철료,삼성,"수술후 처치, 치주조직의 처치 등",2,"수술후 처치, 치주조직의 처치 등"
행위,치과의 보철료,삼성,"수술후처치,치주조직의처치 등",1,"수술후 처치, 치주조직의 처치 등"
행위,치과의 보철료,서울성모,치과의 보철료,3,보철료
행위,치과의 보철료,삼성,치과질환처치,8,치과질환처치